,,,,,,,Rushing,,,,,,,,,,
Rk,Player,Age,Team,Pos,G,GS,Att,Yds,TD,1D,Succ%,Lng,Y/A,Y/G,A/G,Fmb,Awards
1,Jonathan Taylor,26,IND,RB,17,17,323,1585,18,84,51.7,83,4.9,93.2,19,2,PB
2,Christian McCaffrey,29,SFO,RB,17,17,311,1202,10,71,48.6,41,3.9,70.7,18.3,2,"PB,AP-1,AP MVP-4,AP OPoY-2,AP CPoY-1"
3,James Cook,26,BUF,RB,17,17,309,1621,12,68,56.6,64,5.2,95.4,18.2,6,"PB,AP-2"
4,Derrick Henry,31,BAL,RB,17,17,307,1595,16,79,53.1,59,5.2,93.8,18.1,4,
5,Bijan Robinson,23,ATL,RB,17,17,287,1478,7,63,51.6,93,5.1,86.9,16.9,4,"PB,AP-1,AP-2,AP OPoY-4"
6,Saquon Barkley,28,PHI,RB,16,16,280,1140,7,48,46.1,65,4.1,71.3,17.5,1,
7,Ashton Jeanty,22,LVR,RB,17,17,266,975,5,44,41,64,3.7,57.4,15.6,2,
8,Travis Etienne,26,JAX,RB,17,16,260,1107,7,48,46.9,71,4.3,65.1,15.3,1,
9,Kyren Williams,25,LAR,RB,17,17,259,1252,10,74,62.9,34,4.8,73.6,15.2,2,
10,Javonte Williams,25,DAL,RB,16,16,252,1201,11,67,56.3,66,4.8,75.1,15.8,2,
11,Jahmyr Gibbs,23,DET,RB,17,17,243,1223,13,56,48.1,78,5,71.9,14.3,2,PB
12,Breece Hall,24,NYJ,RB,16,16,243,1065,4,57,49.8,59,4.4,66.6,15.2,2,
13,Tony Pollard,28,TEN,RB,17,17,242,1082,5,48,46.7,65,4.5,63.6,14.2,4,
14,De'Von Achane,24,MIA,RB,16,16,238,1350,8,56,49.2,59,5.7,84.4,14.9,1,PB
15,Rico Dowdle,27,CAR,RB,17,11,236,1076,6,51,47.9,53,4.6,63.3,13.9,2,
16,Josh Jacobs,27,GNB,RB,15,15,234,929,13,55,49.1,40,4,61.9,15.6,3,
17,Chase Brown,25,CIN,RB,17,17,232,1019,6,52,52.2,37,4.4,59.9,13.6,2,
18,Quinshon Judkins,22,CLE,RB,14,14,230,827,7,50,40.9,46,3.6,59.1,16.4,0,
19,D'Andre Swift,26,CHI,RB,16,16,223,1087,9,62,54.7,25,4.9,67.9,13.9,2,
20,Kenneth Walker III,25,SEA,RB,17,17,221,1027,5,46,43.9,55,4.6,60.4,13,1,
21,Jaylen Warren,27,PIT,RB,16,15,211,958,6,52,54.5,45,4.5,59.9,13.2,1,
22,Woody Marks,25,HOU,RB,16,8,196,703,2,39,46.4,23,3.6,43.9,12.3,1,
23,Zach Charbonnet,24,SEA,RB,16,0,184,730,12,48,48.4,30,4,45.6,11.5,0,
24,TreVeyon Henderson,23,NWE,RB,17,4,180,911,9,45,51.7,69,5.1,53.6,10.6,1,AP ORoY-3
25,Tyrone Tracy Jr.,26,NYG,RB,15,11,176,740,2,39,44.9,31,4.2,49.3,11.7,1,
26,Jacory Croskey-Merritt,24,WAS,RB,17,7,175,805,8,41,53.7,72,4.6,47.4,10.3,4,
27,Bucky Irving,23,TAM,RB,10,9,173,588,1,27,41.6,32,3.4,58.8,17.3,1,
28,Kyle Monangai,23,CHI,RB,17,1,169,783,5,40,50.9,39,4.6,46.1,9.9,0,
29,Kareem Hunt,30,KAN,RB,17,4,163,611,8,55,57.1,33,3.7,35.9,9.6,2,
30,Jordan Mason,26,MIN,RB,16,5,159,758,6,45,56,24,4.8,47.4,9.9,3,
31,David Montgomery,28,DET,RB,17,0,158,716,8,41,48.1,72,4.5,42.1,9.3,2,
32,Kimani Vidal,24,LAC,RB,13,10,155,643,3,32,47.1,59,4.1,49.5,11.9,1,
33,J.K. Dobbins,27,DEN,RB,10,9,153,772,4,37,53.6,41,5,77.2,15.3,0,
34,RJ Harvey,24,DEN,RB,17,7,146,540,7,28,45.2,50,3.7,31.8,8.6,1,
35,Blake Corum,25,LAR,RB,17,0,145,746,6,44,59.3,48,5.1,43.9,8.5,0,
36,Tyler Allgeier,25,ATL,RB,17,2,143,514,8,36,49,21,3.6,30.2,8.4,0,
37,Chuba Hubbard,26,CAR,RB,15,6,134,511,1,31,50.7,14,3.8,34.1,8.9,1,
38,Aaron Jones,31,MIN,RB,12,12,132,548,2,28,50,31,4.2,45.7,11,2,
39,Rachaad White,26,TAM,RB,17,8,132,572,4,37,53.8,39,4.3,33.6,7.8,0,
40,Alvin Kamara,30,NOR,RB,11,11,131,471,1,21,42,18,3.6,42.8,11.9,2,
41,Rhamondre Stevenson,27,NWE,RB,14,13,130,603,7,29,50.8,56,4.6,43.1,9.3,3,
42,Emanuel Wilson,26,GNB,RB,17,2,125,496,3,32,58.4,15,4,29.2,7.4,1,
43,Omarion Hampton,22,LAC,RB,9,6,124,545,4,31,46.8,54,4.4,60.6,13.8,1,
44,Nick Chubb,30,HOU,RB,15,9,122,506,3,20,48.4,30,4.1,33.7,8.1,0,
45,Devin Singletary,28,NYG,RB,17,1,119,437,5,27,48.7,29,3.7,25.7,7,0,
46,Isiah Pacheco,26,KAN,RB,13,12,118,462,1,27,55.1,16,3.9,35.5,9.1,0,
47,Kenneth Gainwell,26,PIT,RB,17,2,114,537,5,34,55.3,55,4.7,31.6,6.7,2,
48,Josh Allen,29,BUF,QB,17,17,112,579,14,46,58,40,5.2,34.1,6.6,7,"PB,AP MVP-3"
49,Chris Rodriguez,25,WAS,RB,13,7,112,500,6,32,58,48,4.5,38.5,8.6,0,
50,Jalen Hurts,27,PHI,QB,16,16,105,421,8,40,53.3,29,4,26.3,6.6,8,PB
51,Drake Maye,23,NWE,QB,17,17,103,450,4,38,47.6,28,4.4,26.5,6.1,8,"PB,AP-2,AP MVP-2,AP OPoY-5"
52,Cam Skattebo,23,NYG,RB,8,5,101,410,5,27,50.5,24,4.1,51.3,12.6,1,
53,Michael Carter,26,ARI,RB,13,5,92,333,1,19,50,22,3.6,25.6,7.1,0,
54,Brian Robinson Jr.,26,SFO,RB,17,0,92,400,2,20,54.3,19,4.3,23.5,5.4,0,
55,Jaxson Dart,22,NYG,QB,14,12,86,487,9,38,66.3,29,5.7,34.8,6.1,5,AP ORoY-4
56,Sean Tucker,24,TAM,RB,17,0,86,320,7,22,47.7,43,3.7,18.8,5.1,2,
57,Samaje Perine,30,CIN,RB,15,2,84,382,3,32,57.1,32,4.5,25.5,5.6,3,
58,Justin Herbert,27,LAC,QB,16,16,83,498,2,34,57.8,41,6,31.1,5.2,7,PB
59,Bo Nix,25,DEN,QB,17,17,83,356,5,25,45.8,25,4.3,20.9,4.9,4,
60,Bhayshul Tuten,22,JAX,RB,15,0,83,307,5,23,57.8,15,3.7,20.5,5.5,2,
61,Zonovan Knight,24,ARI,RB,12,8,82,269,4,21,48.8,17,3.3,22.4,6.8,1,
62,Trevor Lawrence,26,JAX,QB,17,17,82,359,9,40,57.3,21,4.4,21.1,4.8,5,"AP MVP-5,AP CPoY-4"
63,Caleb Williams,24,CHI,QB,17,17,77,388,3,28,55.8,29,5,22.8,4.5,9,
64,Tyjae Spears,24,TEN,RB,13,1,72,283,2,16,38.9,41,3.9,21.8,5.5,0,
65,Justin Fields,26,NYJ,QB,9,9,71,383,4,26,57.7,43,5.4,42.6,7.9,4,
66,Ollie Gordon,21,MIA,RB,17,1,70,199,3,21,45.7,20,2.8,11.7,4.1,0,
67,Jaylen Wright,22,MIA,RB,10,1,70,288,2,17,51.4,32,4.1,28.8,7,2,
68,Lamar Jackson,28,BAL,QB,13,13,67,349,2,24,47.8,20,5.2,26.8,5.2,7,
69,Dylan Sampson,21,CLE,RB,15,2,65,175,0,12,30.8,26,2.7,11.7,4.3,1,
70,Patrick Mahomes,30,KAN,QB,14,14,64,422,5,27,57.8,22,6.6,30.1,4.6,3,
71,Tank Bigsby,24,2TM,RB,17,1,63,356,2,18,54,29,5.7,20.9,3.7,0,
71,Tank Bigsby,24,JAX,RB,1,0,5,12,0,1,20,4,2.4,12,5,0,
71,Tank Bigsby,24,PHI,RB,16,1,58,344,2,17,56.9,29,5.9,21.5,3.6,0,
72,Keaton Mitchell,23,BAL,RB,13,0,59,341,1,16,54.2,55,5.8,26.2,4.5,1,
73,Jayden Daniels,25,WAS,QB,7,7,58,278,2,14,51.7,18,4.8,39.7,8.3,3,
74,Ray Davis,26,BUF,RB,17,0,58,275,0,15,56.9,23,4.7,16.2,3.4,0,AP-1
75,Devin Neal,22,NOR,RB,10,3,57,206,2,11,54.4,21,3.6,20.6,5.7,0,
76,Baker Mayfield,30,TAM,QB,17,17,55,382,1,27,56.4,33,6.9,22.5,3.2,11,
77,Bryce Young,24,CAR,QB,16,16,54,216,2,16,44.4,24,4,13.5,3.4,7,
78,Dak Prescott,32,DAL,QB,17,17,53,177,2,15,43.4,14,3.3,10.4,3.1,6,"PB,AP CPoY-3"
79,Malik Davis,27,DAL,RB,10,0,52,250,2,11,50,43,4.8,25,5.2,0,
80,Taysom Hill,35,NOR,TE,13,5,52,114,1,16,44.2,29,2.2,8.8,4,3,
81,Ty Johnson,28,BUF,RB,17,0,50,200,3,13,54,23,4,11.8,2.9,1,
82,Marcus Mariota,32,WAS,QB,11,8,50,297,1,12,46,44,5.9,27,4.5,6,
83,C.J. Stroud,24,HOU,QB,14,14,48,209,1,18,47.9,30,4.4,14.9,3.4,2,
84,Jordan Love,27,GNB,QB,15,15,47,199,0,14,48.9,25,4.2,13.3,3.1,7,
85,Kendre Miller,23,NOR,RB,7,0,47,193,1,9,44.7,18,4.1,27.6,6.7,0,
86,Audric Estime,22,NOR,RB,7,1,46,198,1,12,52.2,32,4.3,28.3,6.6,0,
87,Daniel Jones,28,IND,QB,13,13,45,164,5,19,53.3,19,3.6,12.6,3.5,9,
88,Tyler Shough,26,NOR,QB,11,9,45,186,3,11,42.2,34,4.1,16.9,4.1,3,AP ORoY-2
89,Emari Demercado,26,ARI,RB,13,0,44,312,0,9,40.9,71,7.1,24,3.4,1,
90,Jeremy McNichols,30,WAS,RB,17,1,44,221,1,13,45.5,60,5,13,2.6,1,
91,Brashard Smith,22,KAN,RB,17,1,44,151,0,5,40.9,14,3.4,8.9,2.6,1,
92,Isaiah Davis,23,NYJ,RB,16,0,43,236,1,7,37.2,50,5.5,14.8,2.7,0,
93,Jawhar Jordan,26,HOU,RB,4,0,43,193,0,8,34.9,50,4.5,48.3,10.8,0,
94,Jaret Patterson,26,LAC,RB,6,1,41,159,1,7,48.8,22,3.9,26.5,6.8,0,
95,Geno Smith,35,LVR,QB,15,15,41,109,0,13,41.5,20,2.7,7.3,2.7,4,
96,Cam Ward,23,TEN,QB,17,17,39,159,2,15,53.8,20,4.1,9.4,2.3,11,
97,Jaydon Blue,21,DAL,RB,5,0,38,129,1,7,36.8,27,3.4,25.8,7.6,1,
98,Jacoby Brissett,33,ARI,QB,14,12,38,168,1,16,52.6,15,4.4,12,2.7,5,
99,J.J. McCarthy,22,MIN,QB,10,10,37,181,4,12,45.9,26,4.9,18.1,3.7,6,
100,Jaleel McLaughlin,25,DEN,RB,8,1,37,187,1,8,59.5,16,5.1,23.4,4.6,0,
101,Mac Jones,27,SFO,QB,11,8,36,60,0,11,41.7,13,1.7,5.5,3.3,4,
102,Sam Darnold,28,SEA,QB,17,17,35,95,0,10,40,24,2.7,5.6,2.1,11,PB
103,Brock Purdy,26,SFO,QB,9,9,33,147,3,16,57.6,26,4.5,16.3,3.7,3,
104,James Conner,30,ARI,RB,3,3,32,95,1,7,43.8,12,3,31.7,10.7,1,
105,Zavier Scott,26,MIN,RB,16,0,32,114,0,6,50,11,3.6,7.1,2,2,
106,Spencer Rattler,25,NOR,QB,9,8,31,167,0,17,74.2,15,5.4,18.6,3.4,4,
107,Trey Benson,23,ARI,RB,4,1,29,160,0,4,34.5,52,5.5,40,7.3,0,
108,Kyler Murray,28,ARI,QB,5,5,29,173,1,10,41.4,30,6,34.6,5.8,1,
109,Matthew Stafford,37,LAR,QB,17,17,29,1,0,0,3.4,6,0,0.1,1.7,7,"PB,AP-1,AP MVP-1"
110,Kaleb Johnson,22,PIT,RB,10,0,28,69,0,2,25,9,2.5,6.9,2.8,1,
111,Chris Brooks,25,GNB,RB,17,0,27,106,0,5,44.4,12,3.9,6.2,1.6,0,
112,Raheim Sanders,23,CLE,RB,4,1,27,92,1,7,51.9,14,3.4,23,6.8,0,
113,Tyrod Taylor,36,NYJ,QB,6,4,27,143,1,10,48.1,15,5.3,23.8,4.5,1,
114,DJ Giddens,22,IND,RB,9,0,26,96,0,5,42.3,12,3.7,10.7,2.9,0,
115,Antonio Gibson,27,NWE,RB,5,0,25,106,1,6,44,21,4.2,21.2,5,2,
116,Jerome Ford,26,CLE,RB,13,0,24,73,0,5,45.8,12,3,5.6,1.8,0,
117,Tyler Huntley,27,BAL,QB,5,2,24,151,0,11,54.2,29,6.3,30.2,4.8,0,
118,LeQuint Allen,21,JAX,RB,17,1,23,94,0,5,39.1,12,4.1,5.5,1.4,0,
119,Terrell Jennings,24,NWE,RB,7,0,23,73,1,8,43.5,11,3.2,10.4,3.3,0,
120,George Holani,26,SEA,RB,11,0,22,73,1,5,50,9,3.3,6.6,2,1,
121,Raheem Mostert,33,LVR,RB,12,0,22,104,0,5,40.9,37,4.7,8.7,1.8,0,
122,Malik Willis,26,GNB,QB,4,1,22,123,2,9,63.6,22,5.6,30.8,5.5,2,
123,Michael Penix,25,ATL,QB,9,9,21,70,1,5,38.1,15,3.3,7.8,2.3,4,
124,Aaron Rodgers,42,PIT,QB,16,16,21,61,1,4,28.6,20,2.9,3.8,1.3,4,
125,Shedeur Sanders,23,CLE,QB,8,7,21,169,1,7,66.7,16,8,21.1,2.6,2,PB
126,Joe Flacco,40,2TM,QB,13,10,21,35,1,9,42.9,13,1.7,2.7,1.6,3,PB
126,Joe Flacco,40,CLE,QB,4,4,6,13,0,2,33.3,8,2.2,3.3,1.5,2,
126,Joe Flacco,40,CIN,QB,9,6,15,22,1,7,46.7,13,1.5,2.4,1.7,1,
127,Trevor Etienne,21,CAR,RB,17,0,20,94,0,6,50,22,4.7,5.5,1.2,2,
128,Miles Sanders,28,DAL,RB,4,0,20,117,1,5,50,49,5.9,29.3,5,1,
129,Tua Tagovailoa,27,MIA,QB,14,14,20,43,0,1,15,8,2.2,3.1,1.4,8,
130,Jared Goff,31,DET,QB,17,17,19,45,0,5,36.8,24,2.4,2.6,1.1,6,PB
131,Evan Hull,25,NOR,RB,6,0,19,48,0,2,31.6,8,2.5,8,3.2,0,
132,Braelon Allen,21,NYJ,RB,4,0,18,76,1,4,50,15,4.2,19,4.5,1,
133,Justice Hill,28,BAL,RB,10,0,18,93,2,4,33.3,71,5.2,9.3,1.8,1,
134,Russell Wilson,37,NYG,QB,6,3,18,106,0,6,50,15,5.9,17.7,3,3,
135,British Brooks,26,HOU,RB,15,2,17,78,0,5,47.1,20,4.6,5.2,1.1,0,
136,Ty Chandler,27,MIN,RB,3,0,17,47,0,1,29.4,5,2.8,15.7,5.7,0,
137,Hassan Haskins,26,LAC,RB,12,0,17,47,0,4,29.4,10,2.8,3.9,1.4,0,
138,Trey Lance,25,LAC,QB,4,1,17,85,0,5,41.2,22,5,21.3,4.3,1,
139,Deebo Samuel,29,WAS,WR,16,12,17,75,1,4,47.1,29,4.4,4.7,1.1,3,
140,KaVontae Turpin,29,DAL,WR,15,2,17,89,0,3,70.6,25,5.2,5.9,1.1,1,"PB,AP-2"
141,Malik Washington,24,MIA,WR,17,6,17,110,1,5,58.8,18,6.5,6.5,1,1,
142,Tahj Brooks,23,CIN,RB,16,0,16,45,0,1,31.3,7,2.8,2.8,1,0,
143,Khalil Herbert,27,NYJ,RB,7,0,16,52,0,2,43.8,7,3.3,7.4,2.3,0,
144,Hunter Luepke,25,DAL,RB,17,5,16,71,0,6,62.5,9,4.4,4.2,0.9,0,
145,Najee Harris,27,LAC,RB,3,0,15,61,0,3,86.7,7,4.1,20.3,5,0,
146,Connor Heyward,26,PIT,TE,17,2,15,43,2,11,73.3,29,2.9,2.5,0.9,0,
147,D.J. Moore,28,CHI,WR,17,17,15,79,1,5,66.7,17,5.3,4.6,0.9,1,
148,Ameer Abdullah,32,IND,RB,13,0,14,60,1,3,42.9,14,4.3,4.6,1.1,1,
149,Joe Burrow,29,CIN,QB,8,8,14,41,0,5,42.9,9,2.9,5.1,1.8,0,PB
150,Kirk Cousins,37,ATL,QB,10,8,14,7,1,4,28.6,6,0.5,0.7,1.4,3,
151,Austin Ekeler,30,WAS,RB,2,2,14,43,0,3,57.1,6,3.1,21.5,7,0,
152,Dillon Gabriel,25,CLE,QB,10,6,14,86,0,4,42.9,19,6.1,8.6,1.4,0,
153,Will Shipley,23,PHI,RB,15,0,14,49,0,4,28.6,20,3.5,3.3,0.9,1,
154,D'Ernest Johnson,29,2TM,RB,8,0,14,25,0,0,14.3,5,1.8,3.1,1.8,0,
154,D'Ernest Johnson,29,ARI,RB,1,0,1,0,0,0,0,,0,0,1,0,
154,D'Ernest Johnson,29,NWE,RB,7,0,13,25,0,0,15.4,5,1.9,3.6,1.9,0,
155,Dameon Pierce,25,2TM,RB,5,0,14,36,0,1,21.4,10,2.6,7.2,2.8,0,
155,Dameon Pierce,25,HOU,RB,4,0,10,26,0,1,20,10,2.6,6.5,2.5,0,
155,Dameon Pierce,25,KAN,RB,1,0,4,10,0,0,25,4,2.5,10,4,0,
156,Brady Cook,24,NYJ,QB,5,4,13,49,0,4,46.2,12,3.8,9.8,2.6,3,
157,Malachi Corley,23,CLE,WR,13,5,13,127,0,6,76.9,31,9.8,9.8,1,0,
158,Davis Mills,27,HOU,QB,6,3,13,60,1,2,38.5,14,4.6,10,2.2,1,
159,Kene Nwangwu,27,NYJ,RB,12,1,13,49,0,2,30.8,16,3.8,4.1,1.1,0,
160,AJ Dillon,27,PHI,RB,7,0,12,60,0,4,50,11,5,8.6,1.7,1,
161,Josh Johnson,39,WAS,QB,5,2,12,55,1,4,41.7,13,4.6,11,2.4,2,
162,Corey Kiner,23,ARI,RB,4,0,12,58,0,4,66.7,9,4.8,14.5,3,0,
163,Marvin Mims,23,DEN,WR,15,4,12,78,1,3,58.3,16,6.5,5.2,0.8,2,
164,Nick Mullens,30,JAX,QB,5,0,12,-8,0,0,0,,-0.7,-1.6,2.4,0,
165,Zamir White,26,LVR,RB,6,0,12,32,0,1,25,9,2.7,5.3,2,0,
166,Julius Chestnut,25,TEN,RB,17,0,11,40,0,4,45.5,27,3.6,2.4,0.6,0,
167,Chimere Dike,24,TEN,WR,17,10,11,18,0,0,45.5,9,1.6,1.1,0.6,2,"PB,AP-1"
168,Dare Ogunbowale,31,HOU,RB,17,0,11,25,1,1,27.3,9,2.3,1.5,0.6,1,
169,Tre Tucker,24,LVR,WR,17,17,11,51,0,1,63.6,10,4.6,3,0.6,0,
170,Carson Wentz,33,MIN,QB,5,5,11,57,0,3,27.3,16,5.2,11.4,2.2,3,
171,Savion Williams,24,GNB,WR,12,0,11,37,0,1,36.4,16,3.4,3.1,0.9,1,
172,Xavier Worthy,22,KAN,WR,14,13,11,87,0,4,63.6,35,7.9,6.2,0.8,0,
173,Mark Andrews,30,BAL,TE,17,11,10,48,1,7,70,35,4.8,2.8,0.6,1,
174,AJ Barner,23,SEA,TE,17,17,10,14,1,9,90,2,1.4,0.8,0.6,2,
175,Joshua Dobbs,30,NWE,QB,4,0,10,-5,0,0,0,2,-0.5,-1.3,2.5,0,
176,Zay Flowers,25,BAL,WR,17,17,10,62,1,3,70,18,6.2,3.6,0.6,3,PB
177,Matthew Golden,22,GNB,WR,14,5,10,49,0,3,70,9,4.9,3.5,0.7,0,
178,Puka Nacua,24,LAR,WR,16,15,10,105,1,5,70,45,10.5,6.6,0.6,1,"PB,AP-1,AP OPoY-3"
179,Adam Prentice,28,DEN,FB,17,3,10,44,0,7,70,18,4.4,2.6,0.6,0,
180,Trayveon Williams,28,2TM,RB,7,0,10,36,0,3,40,11,3.6,5.1,1.4,0,
180,Trayveon Williams,28,LAC,RB,3,0,3,-1,0,0,0,2,-0.3,-0.3,1,0,
180,Trayveon Williams,28,CLE,RB,4,0,7,37,0,3,57.1,11,5.3,9.3,1.8,0,
181,Jake Browning,29,CIN,QB,5,3,9,39,1,5,55.6,13,4.3,7.8,1.8,1,
182,Nathan Carter,23,ATL,RB,7,0,9,60,0,3,55.6,12,6.7,8.6,1.3,1,
183,Jimmy Garoppolo,34,LAR,QB,3,0,9,-10,0,0,0,-1,-1.1,-3.3,3,0,
184,Tyler Goodson,25,IND,RB,11,0,9,24,0,0,33.3,6,2.7,2.2,0.8,0,
185,Ronnie Rivers,26,LAR,RB,11,0,9,46,0,3,66.7,9,5.1,4.2,0.8,0,
186,Jonnu Smith,30,PIT,TE,17,7,9,70,1,3,66.7,20,7.8,4.1,0.5,1,
187,Mitchell Trubisky,31,BUF,QB,4,0,9,6,0,0,11.1,9,0.7,1.5,2.3,0,
188,Rashid Shaheed,27,2TM,WR,18,13,9,69,0,3,44.4,31,7.7,3.8,0.5,2,PB
188,Rashid Shaheed,27,NOR,WR,9,9,2,5,0,0,50,5,2.5,0.6,0.2,1,
188,Rashid Shaheed,27,SEA,WR,9,4,7,64,0,3,42.9,31,9.1,7.1,0.8,1,
189,Tyler Badie,25,DEN,RB,16,0,8,23,0,1,12.5,7,2.9,1.4,0.5,0,
190,Quinn Ewers,22,MIA,QB,4,3,8,19,0,1,37.5,9,2.4,4.8,2,3,
191,Jimmy Horn,23,CAR,WR,13,0,8,69,0,3,87.5,25,8.6,5.3,0.6,0,
192,Tanner McKee,25,PHI,QB,4,1,8,8,0,1,12.5,9,1,2,2,0,
193,Rasheen Ali,24,BAL,RB,15,0,7,24,0,1,42.9,9,3.4,1.6,0.5,0,
194,Max Brosmer,24,MIN,QB,7,2,7,11,0,1,28.6,11,1.6,1.6,1,2,
195,Greg Dortch,27,ARI,WR,12,3,7,15,1,1,57.1,9,2.1,1.3,0.6,1,
196,DeMario Douglas,25,NWE,WR,17,0,7,21,0,2,57.1,14,3,1.2,0.4,0,
197,Clyde Edwards-Helaire,26,KAN,RB,2,0,7,13,0,1,28.6,7,1.9,6.5,3.5,0,
198,Harold Fannin,21,CLE,TE,16,13,7,13,1,2,28.6,4,1.9,0.8,0.4,1,
199,Tez Johnson,23,TAM,WR,16,8,7,22,0,0,71.4,6,3.1,1.4,0.4,0,
200,Dylan Laube,26,LVR,RB,17,0,7,9,0,0,0,3,1.3,0.5,0.4,1,
201,Mason Rudolph,30,PIT,QB,5,1,7,6,0,2,42.9,3,0.9,1.2,1.4,1,
202,Jaxon Smith-Njigba,23,SEA,WR,17,17,7,36,0,2,57.1,11,5.1,2.1,0.4,3,"PB,AP-1,AP OPoY-1"
203,Parker Washington,23,JAX,WR,16,7,7,0,0,1,42.9,,0,0,0.4,2,
204,Jameis Winston,31,NYG,QB,3,2,7,23,1,3,42.9,11,3.3,7.7,2.3,1,
205,Dyami Brown,26,JAX,WR,14,6,6,30,0,2,66.7,9,5,2.1,0.4,1,
206,Luther Burden,22,CHI,WR,15,5,6,37,0,3,50,15,6.2,2.5,0.4,0,
207,Riley Leonard,23,IND,QB,5,1,6,27,2,4,66.7,11,4.5,5.4,1.2,2,
208,Drew Lock,29,SEA,QB,5,0,6,-5,0,0,0,,-0.8,-1,1.2,2,
209,Gardner Minshew II,29,KAN,QB,4,1,6,2,0,0,0,8,0.3,0.5,1.5,0,
210,Elijah Moore,25,BUF,WR,9,2,6,24,1,3,50,11,4,2.7,0.7,0,
211,Jaylin Noel,23,HOU,WR,17,3,6,12,0,0,16.7,5,2,0.7,0.4,0,
212,Tyler Warren,23,IND,TE,17,12,6,8,1,3,50,3,1.3,0.5,0.4,1,PB
213,Jameson Williams,24,DET,WR,17,15,6,12,0,0,33.3,9,2,0.7,0.4,0,
214,Cam Akers,26,MIN,RB,3,0,5,19,0,1,40,14,3.8,6.3,1.7,0,
215,Isaiah Bond,21,CLE,WR,16,2,5,29,0,1,80,9,5.8,1.8,0.3,0,
216,Brittain Brown,28,CHI,RB,3,0,5,37,1,2,60,22,7.4,12.3,1.7,0,
217,Andy Dalton,38,CAR,QB,4,1,5,-2,0,0,0,1,-0.4,-0.5,1.3,2,
218,Troy Franklin,22,DEN,WR,17,7,5,12,0,2,40,11,2.4,0.7,0.3,1,
219,Phil Mafah,23,DAL,RB,1,0,5,18,1,2,60,8,3.6,18,5,0,
220,Bo Melton,26,GNB,CB,16,1,5,35,0,2,40,17,7,2.2,0.3,0,
221,Jakobi Meyers,29,2TM,WR,16,13,5,13,0,1,40,4,2.6,0.8,0.3,1,
221,Jakobi Meyers,29,LVR,WR,7,6,0,0,0,0,,,,0,0,0,
221,Jakobi Meyers,29,JAX,WR,9,7,5,13,0,1,40,4,2.6,1.4,0.6,1,
222,Joe Milton,25,DAL,QB,4,0,5,50,0,1,80,23,10,12.5,1.3,1,
223,Chris Oladokun,28,KAN,QB,3,2,5,18,0,0,60,7,3.6,6,1.7,4,
224,Kenny Pickett,27,LVR,QB,6,2,5,22,0,3,60,9,4.4,3.7,0.8,1,
225,Rashee Rice,25,KAN,WR,8,8,5,20,1,2,80,7,4,2.5,0.6,2,
226,Clayton Tune,26,GNB,QB,2,1,5,23,0,2,40,16,4.6,11.5,2.5,1,
227,Jacardia Wright,25,SEA,RB,1,0,5,20,0,1,40,10,4,20,5,0,
228,Ryan Flournoy,26,DAL,WR,16,4,4,25,0,2,50,12,6.3,1.6,0.3,0,
229,Velus Jones Jr.,28,SEA,RB,3,0,4,32,0,1,25,25,8,10.7,1.3,0,
230,Anthony Richardson,23,IND,QB,2,0,4,-1,0,1,25,2,-0.3,-0.5,2,0,
231,Cooper Rush,32,BAL,QB,4,2,4,-4,0,0,0,,-1,-1,1,1,
232,Sterling Shepard,32,TAM,WR,13,2,4,19,0,1,75,11,4.8,1.5,0.3,1,
233,Arian Smith,24,NYJ,WR,16,5,4,13,0,1,50,13,3.3,0.8,0.3,0,
234,Cade Stover,25,HOU,TE,9,7,4,3,0,2,50,2,0.8,0.3,0.4,0,
235,Mason Tipton,25,NOR,WR,14,3,4,18,0,2,50,12,4.5,1.3,0.3,1,
236,Josh Williams,25,TAM,RB,3,0,4,11,0,0,25,4,2.8,3.7,1.3,0,
237,Olamide Zaccheaus,28,CHI,WR,16,5,4,25,0,1,75,12,6.3,1.6,0.3,0,
238,Kyle Allen,29,DET,QB,3,0,3,-3,0,0,0,-1,-1,-1,1,0,
239,Teddy Bridgewater,33,TAM,QB,4,0,3,4,0,0,0,6,1.3,1,0.8,0,
240,Ja'Marr Chase,25,CIN,WR,16,16,3,14,0,0,66.7,9,4.7,0.9,0.2,1,"PB,AP-1"
241,Ashton Dulin,28,IND,WR,12,2,3,44,0,2,100,22,14.7,3.7,0.3,0,
242,Myles Gaskin,28,SEA,RB,1,0,3,6,0,0,0,3,2,6,3,0,
243,C.J. Ham,32,MIN,FB,11,1,3,5,2,2,66.7,3,1.7,0.5,0.3,0,
244,Xavier Hutchinson,25,HOU,WR,17,6,3,22,0,2,100,9,7.3,1.3,0.2,0,
245,Andrei Iosivas,26,CIN,WR,17,9,3,14,0,0,66.7,5,4.7,0.8,0.2,0,
246,John Metchie,25,2TM,WR,16,7,3,-5,0,0,33.3,4,-1.7,-0.3,0.2,0,
246,John Metchie,25,PHI,WR,7,0,0,0,0,0,,,,0,0,0,
246,John Metchie,25,NYJ,WR,9,7,3,-5,0,0,33.3,4,-1.7,-0.6,0.3,0,
247,Jalen Milroe,23,SEA,QB,3,0,3,4,0,0,0,3,1.3,1.3,1,1,
248,Kalel Mullings,23,TEN,RB,9,0,3,7,0,2,66.7,4,2.3,0.8,0.3,0,
249,Jayden Reed,25,GNB,WR,7,3,3,28,0,1,100,15,9.3,4,0.4,0,
250,Craig Reynolds,29,DET,RB,7,0,3,4,0,0,0,3,1.3,0.6,0.4,0,
251,Wan'Dale Robinson,24,NYG,WR,16,15,3,5,0,1,33.3,3,1.7,0.3,0.2,1,
252,Amon-Ra St. Brown,26,DET,WR,17,17,3,9,0,1,33.3,6,3,0.5,0.2,1,"PB,AP-2"
253,Brian Thomas,23,JAX,WR,14,14,3,21,1,2,100,9,7,1.5,0.2,0,
254,Jordan Whittington,25,LAR,WR,17,6,3,12,0,0,66.7,6,4,0.7,0.2,0,
255,Isaiah Williams,24,NYJ,WR,15,2,3,34,0,1,100,25,11.3,2.3,0.2,1,
256,Zach Wilson,26,MIA,QB,4,0,3,1,0,0,0,3,0.3,0.3,0.8,0,
257,Owen Wright,26,TAM,RB,3,0,3,6,0,0,0,4,2,2,1,0,
258,DeeJay Dallas,27,2TM,RB,6,0,3,21,0,1,66.7,17,7,3.5,0.5,0,
258,DeeJay Dallas,27,CAR,RB,3,0,1,0,0,0,0,,0,0,0.3,0,
258,DeeJay Dallas,27,JAX,RB,3,0,2,21,0,1,100,17,10.5,7,0.7,0,
259,Jordan Addison,23,MIN,WR,14,12,2,81,1,2,100,65,40.5,5.8,0.1,0,
260,Tyson Bagent,25,CHI,QB,3,0,2,7,0,0,50,7,3.5,2.3,0.7,1,
261,Brock Bowers,23,LVR,TE,12,8,2,2,0,0,50,6,1,0.2,0.2,0,PB
262,Nico Collins,26,HOU,WR,15,15,2,15,1,1,100,8,7.5,1,0.1,1,PB
263,Derius Davis,25,LAC,WR,11,0,2,5,0,0,0,3,2.5,0.5,0.2,1,
264,Josh Downs,24,IND,WR,16,11,2,-2,0,0,0,3,-1,-0.1,0.1,1,
265,Emeka Egbuka,23,TAM,WR,17,13,2,9,0,0,50,9,4.5,0.5,0.1,0,AP ORoY-5
266,Feleipe Franks,28,ATL,TE,17,0,2,4,0,2,100,2,2,0.2,0.1,0,
267,Reggie Gilliam,28,BUF,FB,17,2,2,4,0,1,50,5,2,0.2,0.1,0,
268,Tre Harris,23,LAC,WR,17,10,2,10,0,0,50,7,5,0.6,0.1,0,
269,Nyheim Hines,29,LAC,RB,3,0,2,-2,0,0,0,1,-1,-0.7,0.7,0,
270,Alec Ingold,29,MIA,FB,17,10,2,9,0,1,50,6,4.5,0.5,0.1,0,
271,Justin Jefferson,26,MIN,WR,17,17,2,7,0,0,50,4,3.5,0.4,0.1,0,
272,Amar Johnson,22,LAC,RB,2,0,2,8,0,0,50,6,4,4,1,0,
273,Kameron Johnson,23,TAM,WR,17,0,2,13,0,1,50,11,6.5,0.8,0.1,2,
274,Roschon Johnson,24,CHI,RB,7,0,2,17,0,1,100,11,8.5,2.4,0.3,0,
275,Quentin Johnston,24,LAC,WR,14,10,2,7,0,0,50,9,3.5,0.5,0.1,1,
276,Kyle Juszczyk,34,SFO,FB,17,17,2,-3,0,0,0,,-1.5,-0.2,0.1,0,"PB,AP-1"
277,D.K. Metcalf,28,PIT,WR,15,15,2,12,1,1,100,6,6,0.8,0.1,0,
278,Kendall Milton,23,CIN,RB,1,0,2,2,0,0,0,2,1,2,2,0,
279,Skyy Moore,25,SFO,WR,17,0,2,11,0,1,50,10,5.5,0.6,0.1,1,
280,Jalen Nailor,26,MIN,WR,17,8,2,13,0,1,50,15,6.5,0.8,0.1,0,
281,Ricky Pearsall,25,SFO,WR,9,9,2,-2,0,0,0,2,-1,-0.2,0.2,0,
282,Kalif Raymond,31,DET,WR,15,3,2,19,0,1,100,10,9.5,1.3,0.1,0,
283,Philip Rivers,44,IND,QB,3,3,2,-1,0,0,0,,-0.5,-0.3,0.7,2,
284,Jacob Saylors,24,DET,RB,16,0,2,11,0,1,50,9,5.5,0.7,0.1,0,
285,Jaylen Waddle,27,MIA,WR,16,16,2,28,0,1,100,21,14,1.8,0.1,1,
286,Ke'Shawn Williams,24,CIN,WR,3,0,2,10,0,0,50,9,5,3.3,0.7,0,
287,Kyle Williams,23,NWE,WR,17,0,2,3,0,0,50,5,1.5,0.2,0.1,0,
288,Brandon Aubrey,30,DAL,K,17,0,1,6,0,1,100,6,6,0.4,0.1,0,"PB,AP-2"
289,Andrew Beck,29,NYJ,FB,17,2,1,5,0,1,100,5,5,0.3,0.1,0,
290,Ulysses Bentley,25,IND,RB,1,0,1,0,0,0,0,,0,0,1,0,
291,Shane Buechele,27,KAN,QB,1,0,1,4,0,0,0,4,4,4,1,0,
292,Tyler Conklin,30,LAC,TE,13,5,1,2,0,1,100,2,2,0.2,0.1,1,
293,Malik Cunningham,27,DET,WR,1,0,1,1,0,0,0,1,1,1,1,0,
294,Greg Dulcich,25,MIA,TE,10,3,1,-7,0,0,0,-7,-7,-0.7,0.1,1,
295,Evan Engram,31,DEN,TE,16,2,1,7,0,0,100,7,7,0.4,0.1,0,
296,Mitchell Evans,22,CAR,TE,17,10,1,1,0,1,100,1,1,0.1,0.1,0,
297,Jake Ferguson,26,DAL,TE,17,10,1,1,0,0,0,1,1,0.1,0.1,3,PB
298,Terrance Ferguson,22,LAR,TE,14,3,1,0,0,0,0,,0,0,0.1,0,
299,Jamie Gillan,28,NYG,P,16,0,1,-13,0,0,0,-13,-13,-0.8,0.1,0,
300,T.J. Hockenson,28,MIN,TE,15,15,1,0,0,0,0,,0,0,0.1,0,
301,Mack Hollins,32,NWE,WR,15,13,1,4,0,0,0,4,4,0.3,0.1,1,
302,Travis Homer,27,CHI,RB,10,0,1,-2,0,0,0,-2,-2,-0.2,0.1,0,
303,Travis Hunter,22,JAX,WR/CB,7,4,1,0,0,0,0,,0,0,0.1,1,
304,Shedrick Jackson,26,LVR,WR,5,0,1,3,0,0,0,3,3,0.6,0.2,0,
305,Jerry Jeudy,26,CLE,WR,17,16,1,5,0,1,100,5,5,0.3,0.1,1,
306,Travis Kelce,36,KAN,TE,17,17,1,1,0,0,0,1,1,0.1,0.1,1,PB
307,George Kittle,32,SFO,TE,11,11,1,-3,0,0,0,-3,-3,-0.3,0.1,0,PB
308,Tucker Kraft,25,GNB,TE,8,8,1,3,0,0,0,3,3,0.4,0.1,0,
309,CeeDee Lamb,26,DAL,WR,14,13,1,2,0,0,0,2,2,0.1,0.1,0,PB
310,Jaylin Lane,23,WAS,WR,15,4,1,7,0,0,100,7,7,0.5,0.1,3,
311,Gage Larvadain,23,CLE,WR,13,0,1,3,0,0,0,3,3,0.2,0.1,4,
312,Xavier Legette,24,CAR,WR,15,12,1,0,0,0,0,,0,0,0.1,1,
313,Colston Loveland,21,CHI,TE,16,11,1,-2,0,0,0,-2,-2,-0.1,0.1,0,
314,Braden Mann,28,PHI,P,17,0,1,-34,0,0,0,-34,-34,-2,0.1,0,
315,Adrian Martinez,25,SFO,QB,1,0,1,-1,0,0,0,-1,-1,-1,1,0,
316,Jalen McMillan,24,TAM,WR,4,2,1,1,0,0,0,1,1,0.3,0.3,0,
317,Adonai Mitchell,23,2TM,WR,16,5,1,-4,0,0,0,-4,-4,-0.3,0.1,1,
317,Adonai Mitchell,23,IND,WR,8,1,0,0,0,0,,,,0,0,1,
317,Adonai Mitchell,23,NYJ,WR,8,4,1,-4,0,0,0,-4,-4,-0.5,0.1,0,
318,Chris Moore,32,WAS,WR,14,5,1,9,0,0,100,9,9,0.6,0.1,0,
319,David Moore,30,CAR,WR,4,2,1,12,0,1,100,12,12,3,0.3,0,
320,Aidan O'Connell,27,LVR,QB,1,0,1,7,0,0,0,7,7,7,1,0,
321,Chris Olave,25,NOR,WR,16,16,1,-3,0,0,0,-3,-3,-0.2,0.1,0,AP-2
322,Isaiah Pola-Mao,26,LVR,S,17,17,1,3,0,0,0,3,3,0.2,0.1,0,
323,Nikko Remigio,26,KAN,WR,14,0,1,11,0,1,100,11,11,0.8,0.1,2,
324,Patrick Ricard,31,BAL,FB,11,5,1,3,0,1,100,3,3,0.3,0.1,0,"PB,AP-2"
325,Demarcus Robinson,31,SFO,WR,14,2,1,6,0,0,100,6,6,0.4,0.1,0,
326,Drew Sample,29,CIN,TE,17,12,1,3,0,0,0,3,3,0.2,0.1,0,
327,Khalil Shakir,25,BUF,WR,16,10,1,5,0,0,0,5,5,0.3,0.1,1,
328,Jarrett Stidham,29,DEN,QB,1,0,1,-1,0,0,0,-1,-1,-1,1,0,
329,Grant Stuard,27,DET,LB,17,0,1,0,0,0,0,,0,0,0.1,0,
330,Rodney Thomas II,27,IND,S,17,0,1,3,0,1,100,3,3,0.2,0.1,0,
331,Deven Thompkins,26,ATL,WR,7,0,1,5,0,0,100,5,5,0.7,0.1,0,
332,Sione Vaki,24,DET,RB,11,0,1,4,0,0,100,4,4,0.4,0.1,0,
333,Darren Waller,33,MIA,TE,9,3,1,4,0,1,100,4,4,0.4,0.1,0,
334,Christian Watson,26,GNB,WR,10,10,1,3,0,0,0,3,3,0.3,0.1,0,
335,Dontayvion Wicks,24,GNB,WR,14,7,1,6,0,0,100,6,6,0.4,0.1,0,
336,Davante Adams,33,LAR,WR,14,14,0,0,0,0,,,,0,0,0,
337,Nate Adkins,26,DEN,TE,9,6,0,0,0,0,,,,0,0,0,
338,Mo Alie-Cox,32,IND,TE,17,6,0,0,0,0,,,,0,0,0,
339,Davis Allen,24,LAR,TE,17,5,0,0,0,0,,,,0,0,0,
340,Keenan Allen,33,LAC,WR,17,3,0,0,0,0,,,,0,0,2,
341,Spencer Anderson,25,PIT,OL,17,7,0,0,0,0,,,,0,0,0,
342,Elijah Arroyo,22,SEA,TE,13,4,0,0,0,0,,,,0,0,1,
343,Tutu Atwell,26,LAR,WR,10,4,0,0,0,0,,,,0,0,0,
344,Calvin Austin III,26,PIT,WR,14,7,0,0,0,0,,,,0,0,0,
345,Kevin Austin,25,NOR,WR,8,1,0,0,0,0,,,,0,0,0,
346,Elic Ayomanor,22,TEN,WR,16,14,0,0,0,0,,,,0,0,0,
347,Andre Baccellia,28,ARI,WR,5,2,0,0,0,0,,,,0,0,0,
348,Alex Bachman,29,LVR,WR,13,0,0,0,0,0,,,,0,0,1,
349,Michael Bandy,28,DEN,WR,4,0,0,0,0,0,,,,0,0,1,
350,Rashod Bateman,26,BAL,WR,13,12,0,0,0,0,,,,0,0,0,
351,Brenden Bates,26,2TM,TE,9,3,0,0,0,0,,,,0,0,0,
351,Brenden Bates,26,HOU,TE,3,0,0,0,0,0,,,,0,0,0,
351,Brenden Bates,26,CLE,TE,6,3,0,0,0,0,,,,0,0,0,
352,John Bates,28,WAS,TE,15,11,0,0,0,0,,,,0,0,0,
353,Jack Bech,23,LVR,WR,16,5,0,0,0,0,,,,0,0,0,
354,Ronnie Bell,25,NOR,WR,2,0,0,0,0,0,,,,0,0,0,
355,Daniel Bellinger,25,NYG,TE,16,10,0,0,0,0,,,,0,0,0,
356,Braxton Berrios,30,HOU,WR,4,0,0,0,0,0,,,,0,0,0,
357,Jake Bobo,27,SEA,WR,11,0,0,0,0,0,,,,0,0,0,
358,Garett Bolles,33,DEN,T,17,17,0,0,0,0,,,,0,0,0,"PB,AP-1"
359,Kendrick Bourne,30,SFO,WR,16,8,0,0,0,0,,,,0,0,0,
360,Kayshon Boutte,23,NWE,WR,14,10,0,0,0,0,,,,0,0,0,
361,Jalen Brooks,25,ARI,WR,5,0,0,0,0,0,,,,0,0,1,
362,A.J. Brown,28,PHI,WR,15,15,0,0,0,0,,,,0,0,0,
363,Marquise Brown,28,KAN,WR,16,6,0,0,0,0,,,,0,0,1,
364,Noah Brown,29,WAS,WR,4,4,0,0,0,0,,,,0,0,0,
365,Pharaoh Brown,31,ARI,TE,7,2,0,0,0,0,,,,0,0,0,
366,Jason Brownlee,26,KAN,WR,6,0,0,0,0,0,,,,0,0,0,
367,Harrison Bryant,27,HOU,TE,12,4,0,0,0,0,,,,0,0,0,
368,Pat Bryant,23,DEN,WR,15,7,0,0,0,0,,,,0,0,0,
369,Treylon Burks,25,WAS,WR,8,3,0,0,0,0,,,,0,0,0,
370,Grant Calcaterra,27,PHI,TE,15,6,0,0,0,0,,,,0,0,0,
371,Sal Cannella,29,CLE,TE,2,0,0,0,0,0,,,,0,0,0,
372,Alex Cappa,30,LVR,G,17,8,0,0,0,0,,,,0,0,0,
373,Efton Chism III,24,NWE,WR,8,1,0,0,0,0,,,,0,0,0,
374,Robbie Chosen,32,WAS,WR,3,0,0,0,0,0,,,,0,0,0,
375,Jalen Coker,24,CAR,WR,11,3,0,0,0,0,,,,0,0,1,
376,Connor Colby,22,SFO,OL,13,6,0,0,0,0,,,,0,0,0,
377,Keon Coleman,22,BUF,WR,13,6,0,0,0,0,,,,0,0,1,
378,Beaux Collins,23,NYG,WR,9,0,0,0,0,0,,,,0,0,0,
379,Tanner Conner,27,MIA,TE,9,0,0,0,0,0,,,,0,0,0,
380,Brandin Cooks,32,2TM,WR,15,5,0,0,0,0,,,,0,0,0,
380,Brandin Cooks,32,NOR,WR,10,3,0,0,0,0,,,,0,0,0,
380,Brandin Cooks,32,BUF,WR,5,2,0,0,0,0,,,,0,0,0,
381,Darius Cooper,24,PHI,WR,13,0,0,0,0,0,,,,0,0,0,
382,Britain Covey,28,PHI,WR,6,0,0,0,0,0,,,,0,0,2,
383,Devin Culp,25,TAM,TE,13,0,0,0,0,0,,,,0,0,0,
384,Drake Dabney,23,GNB,TE,2,1,0,0,0,0,,,,0,0,0,
385,Gabe Davis,26,BUF,WR,6,5,0,0,0,0,,,,0,0,0,
386,Josiah Deguara,28,ARI,TE,12,2,0,0,0,0,,,,0,0,0,
387,Stefon Diggs,32,NWE,WR,17,17,0,0,0,0,,,,0,0,0,AP CPoY-5
388,Will Dissly,29,LAC,TE,9,2,0,0,0,0,,,,0,0,0,
389,Jahan Dotson,25,PHI,WR,17,10,0,0,0,0,,,,0,0,0,
390,Romeo Doubs,25,GNB,WR,16,15,0,0,0,0,,,,0,0,1,
391,Dylan Drummond,25,ATL,WR,9,0,0,0,0,0,,,,0,0,0,
392,Payne Durham,25,TAM,TE,17,10,0,0,0,0,,,,0,0,0,
393,Devin Duvernay,28,CHI,WR,17,0,0,0,0,0,,,,0,0,0,
394,Ross Dwelley,30,DET,TE,11,1,0,0,0,0,,,,0,0,0,
395,Zach Ertz,35,WAS,TE,13,13,0,0,0,0,,,,0,0,1,
396,D'Wayne Eskridge,28,MIA,WR,13,0,0,0,0,0,,,,0,0,1,
397,Mike Evans,32,TAM,WR,8,8,0,0,0,0,,,,0,0,0,
398,Noah Fant,28,CIN,TE,15,7,0,0,0,0,,,,0,0,3,
399,Luke Farrell,28,SFO,TE,17,4,0,0,0,0,,,,0,0,1,
400,Tai Felton,22,MIN,WR,17,0,0,0,0,0,,,,0,0,0,
401,Anthony Firkser,30,DET,TE,7,4,0,0,0,0,,,,0,0,0,
402,Tucker Fisk,26,LAC,TE,10,7,0,0,0,0,,,,0,0,0,
403,John FitzPatrick,25,GNB,TE,15,4,0,0,0,0,,,,0,0,0,
404,Cody Ford,29,CIN,OT,17,0,0,0,0,0,,,,0,0,0,
405,Pat Freiermuth,27,PIT,TE,17,8,0,0,0,0,,,,0,0,0,
406,Oronde Gadsden II,22,LAC,TE,15,7,0,0,0,0,,,,0,0,1,
407,Mike Gesicki,30,CIN,TE,13,2,0,0,0,0,,,,0,0,0,
408,Xavier Gipson,24,PHI,WR,5,0,0,0,0,0,,,,0,0,2,
409,Chris Godwin,29,TAM,WR,9,6,0,0,0,0,,,,0,0,0,
410,Dallas Goedert,30,PHI,TE,15,15,0,0,0,0,,,,0,0,0,
411,Anthony Gould,24,IND,WR,11,1,0,0,0,0,,,,0,0,0,
412,Cam Grandy,25,CIN,TE,5,1,0,0,0,0,,,,0,0,1,
413,Kylen Granson,27,PHI,TE,17,3,0,0,0,0,,,,0,0,0,
414,Noah Gray,26,KAN,TE,16,6,0,0,0,0,,,,0,0,0,
415,Mecole Hardman,27,BUF,WR,2,0,0,0,0,0,,,,0,0,1,
416,Marvin Harrison Jr.,23,ARI,WR,12,10,0,0,0,0,,,,0,0,0,
417,Jackson Hawes,25,BUF,TE,17,8,0,0,0,0,,,,0,0,0,
418,Malik Heath,25,GNB,WR,11,0,0,0,0,0,,,,0,0,0,
419,Gunnar Helm,23,TEN,TE,16,10,0,0,0,0,,,,0,0,0,
420,Hunter Henry,31,NWE,TE,17,17,0,0,0,0,,,,0,0,0,
421,Tyler Higbee,32,LAR,TE,10,8,0,0,0,0,,,,0,0,0,
422,Elijah Higgins,25,ARI,TE,17,10,0,0,0,0,,,,0,0,1,
423,Jayden Higgins,23,HOU,WR,17,10,0,0,0,0,,,,0,0,0,
424,Tee Higgins,26,CIN,WR,15,14,0,0,0,0,,,,0,0,0,PB
425,Julian Hill,25,MIA,TE,14,11,0,0,0,0,,,,0,0,0,
426,Tyreek Hill,31,MIA,WR,4,4,0,0,0,0,,,,0,0,0,
427,KhaDarel Hodge,30,ATL,WR,12,1,0,0,0,0,,,,0,0,0,
428,Isaiah Hodgins,27,NYG,WR,7,5,0,0,0,0,,,,0,0,0,
429,Austin Hooper,31,NWE,TE,16,6,0,0,0,0,,,,0,0,0,
430,DeAndre Hopkins,33,BAL,WR,17,3,0,0,0,0,,,,0,0,0,
431,Tory Horton,23,SEA,WR,8,3,0,0,0,0,,,,0,0,0,
432,Tanner Hudson,31,CIN,TE,15,1,0,0,0,0,,,,0,0,0,
433,Lil'Jordan Humphrey,27,2TM,WR,10,4,0,0,0,0,,,,0,0,0,
433,Lil'Jordan Humphrey,27,NYG,WR,3,2,0,0,0,0,,,,0,0,0,
433,Lil'Jordan Humphrey,27,DEN,WR,7,2,0,0,0,0,,,,0,0,0,
434,Jalin Hyatt,24,NYG,WR,8,0,0,0,0,0,,,,0,0,0,
435,Van Jefferson,29,TEN,WR,16,7,0,0,0,0,,,,0,0,0,
436,Jauan Jennings,28,SFO,WR,15,15,0,0,0,0,,,,0,0,1,
437,Juwan Johnson,29,NOR,TE,17,10,0,0,0,0,,,,0,0,2,
438,Theo Johnson,24,NYG,TE,15,15,0,0,0,0,,,,0,0,0,
439,Tyler Johnson,27,NYJ,WR,12,5,0,0,0,0,,,,0,0,0,
440,Charlie Jones,27,CIN,WR,14,0,0,0,0,0,,,,0,0,0,
441,Jacoby Jones,24,WAS,WR,1,0,0,0,0,0,,,,0,0,0,
442,Tim Jones,27,JAX,WR,2,0,0,0,0,0,,,,0,0,0,
443,Zay Jones,30,ARI,WR,8,0,0,0,0,0,,,,0,0,0,
444,Nick Kallerup,24,SEA,TE,9,0,0,0,0,0,,,,0,0,0,
445,Jakobie Keeney-James,25,GNB,WR,1,1,0,0,0,0,,,,0,0,0,
446,Tom Kennedy,29,DET,WR,6,0,0,0,0,0,,,,0,0,0,
447,Dalton Kincaid,26,BUF,TE,12,4,0,0,0,0,,,,0,0,1,PB
448,Mason Kinsey,27,TEN,WR,10,0,0,0,0,0,,,,0,0,0,
449,Christian Kirk,29,HOU,WR,13,3,0,0,0,0,,,,0,0,0,
450,Cole Kmet,26,CHI,TE,16,15,0,0,0,0,,,,0,0,0,
451,Dawson Knox,29,BUF,TE,17,12,0,0,0,0,,,,0,0,0,
452,Charlie Kolar,26,BAL,TE,17,7,0,0,0,0,,,,0,0,0,
453,Lucas Krull,27,DEN,TE,3,3,0,0,0,0,,,,0,0,0,
454,Cooper Kupp,32,SEA,WR,16,15,0,0,0,0,,,,0,0,1,
455,KeAndre Lambert-Smith,24,LAC,WR,10,2,0,0,0,0,,,,0,0,0,
456,Sam LaPorta,24,DET,TE,9,9,0,0,0,0,,,,0,0,0,
457,Keleki Latu,23,BUF,TE,5,0,0,0,0,0,,,,0,0,0,
458,Allen Lazard,30,NYJ,WR,10,2,0,0,0,0,,,,0,0,0,
459,Isaiah Likely,25,BAL,TE,14,7,0,0,0,0,,,,0,0,2,
460,Tyler Lockett,33,2TM,WR,17,2,0,0,0,0,,,,0,0,0,
460,Tyler Lockett,33,TEN,WR,7,1,0,0,0,0,,,,0,0,0,
460,Tyler Lockett,33,LVR,WR,10,1,0,0,0,0,,,,0,0,0,
461,Drake London,24,ATL,WR,12,12,0,0,0,0,,,,0,0,1,
462,Hunter Long,27,JAX,TE,9,3,0,0,0,0,,,,0,0,1,
463,Will Mallory,26,IND,TE,2,0,0,0,0,0,,,,0,0,0,
464,Chris Manhertz,33,NYG,TE,17,3,0,0,0,0,,,,0,0,0,
465,Tay Martin,28,WAS,WR,3,0,0,0,0,0,,,,0,0,0,
466,David Martin-Robinson,26,TEN,TE,17,4,0,0,0,0,,,,0,0,0,
467,Moliki Matavao,22,NOR,TE,6,2,0,0,0,0,,,,0,0,0,
468,Scott Matlock,25,LAC,FB,16,8,0,0,0,0,,,,0,0,0,
469,Jake Matthews,33,ATL,T,17,17,0,0,0,0,,,,0,0,0,
470,Michael Mayer,24,LVR,TE,13,12,0,0,0,0,,,,0,0,1,
471,Trey McBride,26,ARI,TE,17,17,0,0,0,0,,,,0,0,0,"PB,AP-1"